{"cameraMode":{"drawMode":0,"name":"Shaded","section":"Shading Mode"},"sceneLighting":false,"audioPlay":false,"sceneViewState":{"m_AlwaysRefresh":false,"showFog":true,"showSkybox":false,"showFlares":true,"showImageEffects":true,"showParticleSystems":true,"showVisualEffectGraphs":true,"m_FxEnabled":true},"in2DMode":false,"pivot":{"x":-7.046877384185791,"y":1.1862632036209107,"z":2.01967716217041},"rotation":{"x":0.11912252008914948,"y":0.09842029213905335,"z":-0.011867490597069264,"w":0.9879183173179627},"size":2.2632741928100588,"orthographic":true}