{"cameraMode":{"drawMode":0,"name":"Shaded","section":"Shading Mode"},"sceneLighting":false,"audioPlay":false,"sceneViewState":{"m_AlwaysRefresh":false,"showFog":true,"showSkybox":false,"showFlares":true,"showImageEffects":true,"showParticleSystems":true,"showVisualEffectGraphs":true,"m_FxEnabled":true},"in2DMode":false,"pivot":{"x":-5.673640727996826,"y":1.0464205741882325,"z":-1.7534302473068238},"rotation":{"x":-0.027819817885756494,"y":-0.6698890328407288,"z":0.02513265609741211,"w":-0.7415139079093933},"size":1.5569783449172974,"orthographic":true}