{"cameraMode":{"drawMode":0,"name":"Shaded","section":"Shading Mode"},"sceneLighting":false,"audioPlay":false,"sceneViewState":{"m_AlwaysRefresh":false,"showFog":true,"showSkybox":false,"showFlares":true,"showImageEffects":true,"showParticleSystems":true,"showVisualEffectGraphs":true,"m_FxEnabled":true},"in2DMode":false,"pivot":{"x":-0.3551311790943146,"y":1.0079545974731446,"z":-3.842419147491455},"rotation":{"x":-0.19591785967350007,"y":0.2742108106613159,"z":-0.057092539966106418,"w":-0.9398090243339539},"size":1.7992348670959473,"orthographic":false}