{"cameraMode":{"drawMode":0,"name":"Shaded","section":"Shading Mode"},"sceneLighting":false,"audioPlay":false,"sceneViewState":{"m_AlwaysRefresh":false,"showFog":true,"showSkybox":true,"showFlares":true,"showImageEffects":true,"showParticleSystems":true,"showVisualEffectGraphs":true,"m_FxEnabled":true},"in2DMode":false,"pivot":{"x":6.074470043182373,"y":1.4183909893035889,"z":-10.018091201782227},"rotation":{"x":0.2579382359981537,"y":-0.18270453810691834,"z":0.049741726368665698,"w":0.9474250078201294},"size":2.0029561519622804,"orthographic":false}